strategy,entry_time,exit_time,entry_price,exit_price,reason,hold_bars,ret_gross,ret_net,same_bar_conflict
ReinforcedSmoothScalp,2026-04-04 19:29:00+00:00,2026-04-04 20:38:00+00:00,67365.71,67292.0,exit_signal,69,-0.0010941768445698052,-0.0020925834644150987,False
ReinforcedSmoothScalp,2026-04-05 21:03:00+00:00,2026-04-05 21:48:00+00:00,67584.05,67531.98,exit_signal,45,-0.0007704480569010741,-0.0017691782437507797,False
ReinforcedSmoothScalp,2026-04-07 18:55:00+00:00,2026-04-07 19:48:00+00:00,68396.71,68927.21,exit_signal,53,0.007756221022911847,0.006748968428186286,False
ReinforcedSmoothScalp,2026-04-07 20:23:00+00:00,2026-04-07 21:07:00+00:00,69325.99,69872.66,exit_signal,44,0.007885498641995614,0.006878116834257542,False
ReinforcedSmoothScalp,2026-04-07 21:29:00+00:00,2026-04-07 22:32:00+00:00,69530.65,70921.26299999999,roi,63,0.020000000000000018,0.01898050974512744,False
ReinforcedSmoothScalp,2026-04-07 23:44:00+00:00,2026-04-08 02:08:00+00:00,72024.99,71643.87,exit_signal,144,-0.005291496743005553,-0.006285708140563839,False
ReinforcedSmoothScalp,2026-04-09 17:22:00+00:00,2026-04-09 19:10:00+00:00,72362.7,72058.01,exit_signal,108,-0.00421059468483076,-0.005205886444266006,False
ReinforcedSmoothScalp,2026-04-10 19:31:00+00:00,2026-04-10 19:52:00+00:00,72936.65,73091.87,exit_signal,21,0.002128148194357804,0.0011265208598307819,False
ReinforcedSmoothScalp,2026-04-11 20:34:00+00:00,2026-04-11 20:51:00+00:00,73307.93,73425.78,exit_signal,17,0.0016076023426114805,0.0006064952937936408,False
ReinforcedSmoothScalp,2026-04-12 08:22:00+00:00,2026-04-12 08:24:00+00:00,71649.8,71704.57,exit_signal,2,0.0007644124617236514,-0.0002358518185978653,False
ReinforcedSmoothScalp,2026-04-21 05:53:00+00:00,2026-04-21 06:33:00+00:00,75795.12,75913.71,exit_signal,40,0.0015646126030279817,0.0005635485224653181,False
ReinforcedSmoothScalp,2026-04-21 09:36:00+00:00,2026-04-21 10:49:00+00:00,76189.12,76718.74,exit_signal,73,0.006951386234675061,0.0059449380725216106,False
ReinforcedSmoothScalp,2026-04-22 16:32:00+00:00,2026-04-22 17:53:00+00:00,78894.0,78957.83,exit_signal,81,0.0008090602580677064,-0.00019124864773734096,False
ReinforcedSmoothScalp,2026-04-23 23:14:00+00:00,2026-04-23 23:41:00+00:00,78100.02,78243.97,exit_signal,27,0.0018431493359412077,0.0008418068578446292,False
ReinforcedSmoothScalp,2026-04-25 04:38:00+00:00,2026-04-25 04:59:00+00:00,77601.61,77630.35,exit_signal,21,0.00037035314086919513,-0.000629517277062619,False
ReinforcedSmoothScalp,2026-04-25 09:24:00+00:00,2026-04-25 13:06:00+00:00,77609.27,77588.58,exit_signal,222,-0.0002665918646058696,-0.0012658256558454317,False
ReinforcedSmoothScalp,2026-04-26 18:36:00+00:00,2026-04-26 18:45:00+00:00,78150.6,78216.28,exit_signal,9,0.0008404286083534274,-0.00015991165012552155,False
ReinforcedSmoothScalp,2026-04-28 01:33:00+00:00,2026-04-28 04:12:00+00:00,77167.31,76859.27,exit_signal,159,-0.003991845769925062,-0.004987356168955404,False
ReinforcedSmoothScalp,2026-04-28 21:15:00+00:00,2026-04-28 23:09:00+00:00,76365.62,76293.65,exit_signal,114,-0.0009424398047184201,-0.0019409980857729714,False
ReinforcedSmoothScalp,2026-04-29 06:35:00+00:00,2026-04-29 08:21:00+00:00,77048.34,77132.08,exit_signal,106,0.0010868501514764706,8.626359460350841e-05,False
ReinforcedSmoothScalp,2026-04-29 10:43:00+00:00,2026-04-29 11:37:00+00:00,77587.98,77638.26,exit_signal,54,0.0006480385234928221,-0.0003521094410480208,False
ReinforcedSmoothScalp,2026-04-30 01:05:00+00:00,2026-04-30 03:30:00+00:00,76245.67,75893.97,exit_signal,145,-0.0046127209584491125,-0.0056076107925736585,False
ReinforcedSmoothScalp,2026-04-30 12:46:00+00:00,2026-04-30 13:42:00+00:00,76297.17,76539.33,exit_signal,56,0.003173905401733901,0.0021712328326166652,False
ReinforcedSmoothScalp,2026-05-01 09:51:00+00:00,2026-05-01 10:22:00+00:00,77206.54,77345.71,exit_signal,31,0.0018025675027013577,0.0008012655861571183,False
ReinforcedSmoothScalp,2026-05-01 22:36:00+00:00,2026-05-02 00:01:00+00:00,78262.08,78240.21,exit_signal,85,-0.00027944567790683106,-0.0012786666217567966,False
ReinforcedSmoothScalp,2026-05-03 10:29:00+00:00,2026-05-03 11:12:00+00:00,78430.6,78537.85,exit_signal,43,0.0013674509693919479,0.000366583951931565,False
ReinforcedSmoothScalp,2026-05-03 17:53:00+00:00,2026-05-03 18:28:00+00:00,78727.35,78741.97,exit_signal,35,0.00018570420571761836,-0.0008139816555575718,False
ReinforcedSmoothScalp,2026-05-04 05:22:00+00:00,2026-05-04 06:49:00+00:00,80051.08,79859.89,exit_signal,87,-0.002388350038500464,-0.003385463131915234,False
ReinforcedSmoothScalp,2026-05-08 09:03:00+00:00,2026-05-08 10:02:00+00:00,79863.04,79920.36,exit_signal,59,0.0007177287516229036,-0.0002824888683187199,False
ReinforcedSmoothScalp,2026-05-11 00:21:00+00:00,2026-05-11 04:55:00+00:00,81493.77,80879.11,exit_signal,274,-0.007542417046112915,-0.008534378648265561,False
ReinforcedSmoothScalp,2026-05-14 07:21:00+00:00,2026-05-14 07:28:00+00:00,79708.82,79840.0,exit_signal,7,0.001645740082464986,0.0006445949149662678,False
ReinforcedSmoothScalp,2026-05-18 13:31:00+00:00,2026-05-18 16:13:00+00:00,77242.0,76537.29,exit_signal,162,-0.009123404365500742,-0.010113785770432648,False
ReinforcedSmoothScalp,2026-05-18 20:51:00+00:00,2026-05-18 21:33:00+00:00,76891.58,77106.72,exit_signal,42,0.0027979656550169985,0.0017956688377709362,False
ReinforcedSmoothScalp,2026-05-19 17:36:00+00:00,2026-05-19 18:07:00+00:00,76763.96,76888.92,exit_signal,31,0.0016278472345614414,0.000626719950968857,False
ReinforcedSmoothScalp,2026-05-20 21:32:00+00:00,2026-05-21 00:06:00+00:00,77615.92,77623.12,exit_signal,154,9.276447409245492e-05,-0.0009068284938975602,False
ReinforcedSmoothScalp,2026-05-21 02:43:00+00:00,2026-05-21 03:24:00+00:00,78007.42,78015.5,exit_signal,41,0.00010357989022069525,-0.0008960238877802063,False
ReinforcedSmoothScalp,2026-05-23 15:30:00+00:00,2026-05-23 17:55:00+00:00,75544.74,75494.47,exit_signal,145,-0.000665433490141143,-0.0016642686390764272,False
ReinforcedSmoothScalp,2026-05-26 05:49:00+00:00,2026-05-26 06:38:00+00:00,76895.6,76954.22,exit_signal,49,0.0007623323050993669,-0.0002379298961050491,False
ReinforcedSmoothScalp,2026-05-28 10:25:00+00:00,2026-05-28 13:52:00+00:00,73369.31,73037.32,exit_signal,207,-0.004524916480746377,-0.005519894075468157,False
ReinforcedSmoothScalp,2026-05-28 19:12:00+00:00,2026-05-28 19:30:00+00:00,73483.06,73560.0,exit_signal,18,0.0010470440398100411,4.649726915562091e-05,False
ReinforcedSmoothScalp,2026-05-29 17:57:00+00:00,2026-05-29 19:34:00+00:00,73940.0,73536.63,exit_signal,97,-0.005455369218285044,-0.006449416825263232,False
ReinforcedSmoothScalp,2026-05-30 03:34:00+00:00,2026-05-30 05:07:00+00:00,73622.69,73548.97,exit_signal,93,-0.001001321739262706,-0.001999821167809168,False
ReinforcedSmoothScalp,2026-05-31 02:31:00+00:00,2026-05-31 02:58:00+00:00,73999.99,74090.0,exit_signal,27,0.0012163515157230798,0.00021563552220427162,False
ReinforcedSmoothScalp,2026-06-02 22:02:00+00:00,2026-06-03 00:18:00+00:00,67421.95,67072.02,exit_signal,136,-0.005190149498790708,-0.006184462192944662,False
ReinforcedSmoothScalp,2026-06-03 06:59:00+00:00,2026-06-03 07:19:00+00:00,66998.0,67307.64,exit_signal,20,0.004621630496432827,0.003617510925721712,False
ReinforcedSmoothScalp,2026-06-04 05:12:00+00:00,2026-06-04 05:35:00+00:00,63748.0,64226.01,exit_signal,23,0.007498431323335719,0.006491436389479244,False
ReinforcedSmoothScalp,2026-06-07 22:34:00+00:00,2026-06-07 23:27:00+00:00,62855.5,63190.9,exit_signal,53,0.005336048555814488,0.004331214924074844,False
ReinforcedSmoothScalp,2026-06-08 01:12:00+00:00,2026-06-08 06:20:00+00:00,63237.41,63075.29,exit_signal,308,-0.0025636723578654763,-0.003560610216578053,False
ReinforcedSmoothScalp,2026-06-11 05:07:00+00:00,2026-06-11 06:13:00+00:00,62558.0,62797.5,exit_signal,66,0.003828447200997509,0.0028251204171885202,False
ReinforcedSmoothScalp,2026-06-11 20:29:00+00:00,2026-06-11 23:33:00+00:00,63369.52,63488.01,exit_signal,184,0.0018698263770975387,0.0008684572352914977,False
ReinforcedSmoothScalp,2026-06-12 08:39:00+00:00,2026-06-12 11:04:00+00:00,63471.99,63860.62,exit_signal,145,0.0061228582875691995,0.005117238239305877,False
ReinforcedSmoothScalp,2026-06-13 02:03:00+00:00,2026-06-13 03:56:00+00:00,63808.0,63555.99,exit_signal,113,-0.003949504764292899,-0.004945057483169091,False
ReinforcedSmoothScalp,2026-06-14 11:05:00+00:00,2026-06-14 13:44:00+00:00,64481.31,64376.0,exit_signal,159,-0.0016331864225462844,-0.0026310543021836885,False
ReinforcedSmoothScalp,2026-06-15 04:15:00+00:00,2026-06-15 05:23:00+00:00,65718.9,65850.01,exit_signal,68,0.0019950120893685863,0.0009935178244115939,False
ReinforcedSmoothScalp,2026-06-18 08:59:00+00:00,2026-06-18 09:17:00+00:00,64410.0,64461.19,exit_signal,18,0.0007947523676448132,-0.0002055422374200866,False
ReinforcedSmoothScalp,2026-06-20 10:12:00+00:00,2026-06-20 11:45:00+00:00,63696.98,63732.0,exit_signal,93,0.0005497905866180819,-0.0004502591790855881,False
ReinforcedSmoothScalp,2026-06-21 04:54:00+00:00,2026-06-21 05:40:00+00:00,64346.01,64365.42,exit_signal,46,0.0003016504053630076,-0.000698151344167397,False
ReinforcedSmoothScalp,2026-06-22 03:00:00+00:00,2026-06-22 03:20:00+00:00,64258.0,64315.13,exit_signal,20,0.0008890721777832233,-0.0001113166999554549,False
ReinforcedSmoothScalp,2026-06-22 14:32:00+00:00,2026-06-22 16:55:00+00:00,64925.74,64752.51,exit_signal,143,-0.0026681251534445005,-0.003664958611561797,False
ReinforcedSmoothScalp,2026-06-25 23:49:00+00:00,2026-06-26 01:50:00+00:00,59884.01,59396.0,exit_signal,121,-0.008149253865931905,-0.009140608934531502,False
ReinforcedSmoothScalp,2026-06-27 05:00:00+00:00,2026-06-27 06:33:00+00:00,60240.0,60331.99,exit_signal,93,0.0015270584329349912,0.0005260318877746695,False
ReinforcedSmoothScalp,2026-06-29 06:38:00+00:00,2026-06-29 09:17:00+00:00,60086.0,60044.0,exit_signal,159,-0.0006989981027194503,-0.0016977997038161163,False
ReinforcedSmoothScalp,2026-07-01 09:23:00+00:00,2026-07-01 09:56:00+00:00,58928.0,58968.94,exit_signal,33,0.0006947461308715042,-0.0003054485179347921,False
ReinforcedSmoothScalp,2026-07-01 14:35:00+00:00,2026-07-01 15:08:00+00:00,59658.01,59934.0,exit_signal,33,0.0046262019132048415,0.003622077773361765,False
ReinforcedSmoothScalp,2026-07-03 12:38:00+00:00,2026-07-03 13:29:00+00:00,61882.0,62116.33,exit_signal,51,0.0037867231181927252,0.002783438037614827,False
ReinforcedSmoothScalp,2026-07-03 15:25:00+00:00,2026-07-03 16:24:00+00:00,62028.13,62085.01,exit_signal,59,0.0009170033015666323,-8.341349333740311e-05,False
ReinforcedSmoothScalp,2026-07-04 18:11:00+00:00,2026-07-04 18:54:00+00:00,63208.0,63176.0,exit_signal,43,-0.0005062650297430471,-0.0015052592675943721,False
ReinforcedSmoothScalp,2026-07-04 21:51:00+00:00,2026-07-04 23:46:00+00:00,63284.0,63220.0,exit_signal,115,-0.0010113140762277872,-0.0020098035174308526,False
ReinforcedSmoothScalp,2026-07-05 04:56:00+00:00,2026-07-05 05:33:00+00:00,62829.11,62800.01,exit_signal,37,-0.0004631611047808404,-0.001462198425015826,False
ReinforcedSmoothScalp,2026-07-06 16:28:00+00:00,2026-07-06 18:23:00+00:00,63423.99,63809.99,exit_signal,115,0.0060860251775392005,0.005080441943978498,False
ReinforcedSmoothScalp,2026-07-07 12:37:00+00:00,2026-07-07 13:47:00+00:00,63519.46,63366.01,exit_signal,70,-0.0024157950964948105,-0.0034128807585671606,False
ReinforcedSmoothScalp,2026-07-08 17:56:00+00:00,2026-07-08 18:51:00+00:00,62069.88,62242.23,exit_signal,55,0.002776709089819418,0.0017744335185154725,False
ReinforcedSmoothScalp,2026-07-09 05:27:00+00:00,2026-07-09 06:29:00+00:00,62295.99,62790.85,exit_signal,62,0.007943689473431714,0.006936249503943115,False
ReinforcedSmoothScalp,2026-07-11 03:29:00+00:00,2026-07-11 06:24:00+00:00,64120.89,64264.93,exit_signal,175,0.0022463817953868315,0.0012446362863460791,False
ReinforcedSmoothScalp,2026-07-11 20:59:00+00:00,2026-07-11 21:52:00+00:00,64383.05,64380.0,exit_signal,53,-4.737271688748379e-05,-0.0010468256177200708,False
ReinforcedSmoothScalp,2026-07-14 15:54:00+00:00,2026-07-14 17:52:00+00:00,64627.88,64622.0,exit_signal,118,-9.09824057356845e-05,-0.0010903917186734224,False
ReinforcedSmoothScalp,2026-07-16 15:07:00+00:00,2026-07-16 15:26:00+00:00,64463.98,64712.0,exit_signal,19,0.0038474199079858717,0.0028440741609514486,False
ReinforcedSmoothScalp,2026-07-17 11:19:00+00:00,2026-07-17 11:37:00+00:00,63078.91,63199.93,exit_signal,18,0.0019185493217939165,0.0009171314813924969,False
ReinforcedSmoothScalp,2026-07-17 12:44:00+00:00,2026-07-17 13:59:00+00:00,63103.99,63136.36,exit_signal,75,0.0005129628094833194,-0.0004870501468479116,False
ReinforcedSmoothScalp,2026-07-17 14:25:00+00:00,2026-07-17 15:26:00+00:00,63308.34,63155.99,exit_signal,61,-0.002406475987208001,-0.0034035709637324496,False
ReinforcedSmoothScalp,2026-07-17 20:17:00+00:00,2026-07-17 20:46:00+00:00,64002.67,64134.22,exit_signal,29,0.002055383001990485,0.001053828396291534,False
ReinforcedSmoothScalp,2026-07-18 18:34:00+00:00,2026-07-18 19:17:00+00:00,64514.0,64575.05,exit_signal,43,0.0009463062281056533,-5.4139855080848065e-05,False
ReinforcedSmoothScalp,2026-07-20 12:14:00+00:00,2026-07-20 15:45:00+00:00,64738.94,65240.81,exit_signal,211,0.007752212192538188,0.00674496360463972,False
ReinforcedSmoothScalp,2026-07-23 07:10:00+00:00,2026-07-23 08:10:00+00:00,65690.0,65509.88,exit_signal,60,-0.0027419698584260077,-0.0037387295087424333,False
ReinforcedSmoothScalp,2026-07-23 11:06:00+00:00,2026-07-23 13:34:00+00:00,65669.26,65186.02,exit_signal,148,-0.0073586941591849975,-0.008350839392409104,False
ReinforcedSmoothScalp,2026-07-23 21:20:00+00:00,2026-07-24 01:06:00+00:00,65027.43,65086.0,exit_signal,226,0.0009006968290150574,-9.970366756550941e-05,False
ReinforcedSmoothScalp,2026-07-26 10:06:00+00:00,2026-07-26 10:24:00+00:00,64511.87,64525.99,exit_signal,18,0.0002188744489965977,-0.0007808445659447383,False
ReinforcedSmoothScalp,2026-07-27 00:19:00+00:00,2026-07-27 05:12:00+00:00,65154.79,65360.0,exit_signal,293,0.003149576569888346,0.002146928317444896,False
ReinforcedSmoothScalp,2026-07-29 18:27:00+00:00,2026-07-29 21:54:00+00:00,64080.0,63754.0,exit_signal,207,-0.005087390761548072,-0.0060818061630855125,False
ReinforcedSmoothScalp,2026-07-30 14:12:00+00:00,2026-07-30 15:23:00+00:00,64771.68,64870.96,exit_signal,71,0.001532768642097837,0.0005317363895822602,False
ReinforcedSmoothScalp,2026-07-31 19:39:00+00:00,2026-07-31 21:47:00+00:00,62973.7,63043.53,exit_signal,128,0.001108875609976856,0.0001082670386527429,False
ReinforcedSmoothScalp,2026-08-01 04:38:00+00:00,2026-08-01 04:42:00+00:00,63046.0,63056.0,exit_signal,4,0.00015861434508135375,-0.000841044439871097,False
ReinforcedSmoothScalp,2026-08-01 12:24:00+00:00,2026-08-01 14:05:00+00:00,63103.16,63085.01,exit_signal,101,-0.00028762426477535463,-0.0012868370341259094,False
ReinforcedSmoothScalp,2026-08-01 23:21:00+00:00,2026-08-01 23:38:00+00:00,62769.98,62829.63,exit_signal,17,0.0009502950295665613,-5.015504042793495e-05,False
ReinforcedSmoothScalp,2026-08-02 00:55:00+00:00,2026-08-02 01:08:00+00:00,62814.67,62918.0,exit_signal,13,0.001644997896192102,0.0006438534705088816,False
ReinforcedSmoothScalp,2026-08-02 01:52:00+00:00,2026-08-02 02:08:00+00:00,62990.39,63443.32,exit_signal,16,0.007190461910142165,0.006183774791791441,False
ReinforcedSmoothScalp,2026-08-02 02:39:00+00:00,2026-08-02 03:23:00+00:00,63360.0,63519.79,exit_signal,44,0.002521938131313073,0.0015199172036457487,False
ReinforcedSmoothScalp,2026-08-02 21:20:00+00:00,2026-08-02 21:44:00+00:00,63516.0,63707.99,exit_signal,24,0.003022702940991273,0.0020201814987714783,False
ReinforcedSmoothScalp,2026-08-03 10:38:00+00:00,2026-08-03 10:58:00+00:00,62692.01,62777.85,exit_signal,20,0.0013692334956241226,0.00036836469652801185,False
ReinforcedSmoothScalp,2026-08-04 05:08:00+00:00,2026-08-04 10:42:00+00:00,63945.11,63549.68,exit_signal,334,-0.0061838974082615294,-0.007177216851131707,False
ReinforcedSmoothScalp,2026-08-06 04:47:00+00:00,2026-08-06 05:07:00+00:00,64640.0,64872.0,exit_signal,20,0.003589108910891037,0.002586021345762912,False
ReinforcedSmoothScalp,2026-08-07 22:02:00+00:00,2026-08-08 00:07:00+00:00,64920.09,64929.99,exit_signal,125,0.00015249516752069425,-0.0008471575013124788,False
ReinforcedSmoothScalp,2026-08-08 05:54:00+00:00,2026-08-08 06:47:00+00:00,64982.29,64991.76,exit_signal,53,0.00014573201406098413,-0.0008539138949983371,False
ReinforcedSmoothScalp,2026-08-08 15:47:00+00:00,2026-08-08 15:55:00+00:00,65061.32,65090.12,exit_signal,8,0.00044265932507991934,-0.0005572833629011731,False
ReinforcedSmoothScalp,2026-08-08 18:13:00+00:00,2026-08-08 19:37:00+00:00,65101.61,65027.62,exit_signal,84,-0.001136531032028154,-0.002134895318852692,False
ReinforcedSmoothScalp,2026-08-09 07:02:00+00:00,2026-08-09 08:03:00+00:00,64850.0,64869.98,exit_signal,61,0.00030809560524280855,-0.0006917125862664353,False
ReinforcedSmoothScalp,2026-08-09 08:30:00+00:00,2026-08-09 09:55:00+00:00,64886.82,64850.0,exit_signal,85,-0.0005674495991635498,-0.0015663826830224492,False
ReinforcedSmoothScalp,2026-08-09 11:52:00+00:00,2026-08-09 12:57:00+00:00,64975.95,64948.0,exit_signal,65,-0.00043015915888877654,-0.0014292294645769088,False
ReinforcedSmoothScalp,2026-08-10 07:18:00+00:00,2026-08-10 07:25:00+00:00,65240.45,65314.0,exit_signal,7,0.001127368066897283,0.0001267410123575452,False
ReinforcedSmoothScalp,2026-08-10 07:54:00+00:00,2026-08-10 08:26:00+00:00,65207.85,65320.0,exit_signal,32,0.001719884952501971,0.0007186656771871469,False
ReinforcedSmoothScalp,2026-08-11 12:26:00+00:00,2026-08-11 13:10:00+00:00,64305.99,64365.9,exit_signal,44,0.0009316394942369133,-6.879192954534208e-05,False
ReinforcedSmoothScalp,2026-08-11 22:49:00+00:00,2026-08-12 00:22:00+00:00,63639.94,63650.6,exit_signal,93,0.00016750487194050478,-0.0008321627990959257,False
ReinforcedSmoothScalp,2026-08-13 04:13:00+00:00,2026-08-13 04:15:00+00:00,63634.69,63679.55,exit_signal,2,0.000704961397627546,-0.0002952434613403554,False
ReinforcedSmoothScalp,2026-08-15 03:37:00+00:00,2026-08-15 04:15:00+00:00,63072.76,63099.99,exit_signal,38,0.00043172361570986695,-0.0005682081420269602,False
ReinforcedSmoothScalp,2026-08-15 04:57:00+00:00,2026-08-15 06:52:00+00:00,63122.0,63092.66,exit_signal,115,-0.00046481416938626285,-0.0014638498373826803,False
ReinforcedSmoothScalp,2026-08-15 16:09:00+00:00,2026-08-15 16:26:00+00:00,63076.05,63109.98,exit_signal,17,0.0005379220797752104,-0.00046211582335298207,False
ReinforcedSmoothScalp,2026-08-15 20:05:00+00:00,2026-08-15 20:47:00+00:00,63116.83,63086.26,exit_signal,42,-0.00048433991377572205,-0.001483356065785979,False
ReinforcedSmoothScalp,2026-08-16 04:46:00+00:00,2026-08-16 05:39:00+00:00,63118.53,63075.0,exit_signal,53,-0.0006896548446232442,-0.0016884657843087014,False
ReinforcedSmoothScalp,2026-08-16 13:57:00+00:00,2026-08-16 14:22:00+00:00,63060.0,63100.0,exit_signal,25,0.0006343165239455217,-0.00036581772545374314,False
ReinforcedSmoothScalp,2026-08-18 06:50:00+00:00,2026-08-18 08:37:00+00:00,64326.98,64311.14,exit_signal,107,-0.0002462419345662381,-0.0012454960655661207,False
ReinforcedSmoothScalp,2026-08-19 08:53:00+00:00,2026-08-19 09:56:00+00:00,64458.32,64413.78,exit_signal,63,-0.0006909891539215174,-0.0016897987599643338,False
ReinforcedSmoothScalp,2026-08-19 13:05:00+00:00,2026-08-19 13:13:00+00:00,64800.96,64974.94,exit_signal,8,0.0026848367678504736,0.0016826530229550052,False
ReinforcedSmoothScalp,2026-08-19 17:21:00+00:00,2026-08-19 18:42:00+00:00,68060.8,68342.01,exit_signal,81,0.004131746908646372,0.0031281169767036765,False
ReinforcedSmoothScalp,2026-08-21 02:04:00+00:00,2026-08-21 02:30:00+00:00,74934.08,74970.92,exit_signal,26,0.0004916321118508815,-0.0005083595244427253,False
ReinforcedSmoothScalp,2026-08-24 13:45:00+00:00,2026-08-24 14:32:00+00:00,78288.4,79553.63,exit_signal,47,0.016161142646931248,0.015145489330942397,False
ReinforcedSmoothScalp,2026-08-27 10:27:00+00:00,2026-08-27 11:05:00+00:00,79520.0,79704.0,exit_signal,38,0.002313883299798869,0.001312070322987413,False
ReinforcedSmoothScalp,2026-08-27 22:29:00+00:00,2026-08-27 23:00:00+00:00,80239.88,80303.21,exit_signal,31,0.0007892584086617305,-0.0002110307051899074,False
ReinforcedSmoothScalp,2026-08-29 15:04:00+00:00,2026-08-29 15:49:00+00:00,77878.0,77919.0,exit_signal,45,0.0005264644700686549,-0.000473561981175874,False
ReinforcedSmoothScalp,2026-08-30 07:35:00+00:00,2026-08-30 08:09:00+00:00,78178.05,78195.57,exit_signal,34,0.00022410382453896815,-0.000775620417164502,False
ReinforcedSmoothScalp,2026-08-31 10:08:00+00:00,2026-08-31 10:39:00+00:00,78356.5,78520.57,exit_signal,31,0.0020938913810597537,0.0010922982862262565,False
ReinforcedSmoothScalp,2026-09-02 12:54:00+00:00,2026-09-02 13:28:00+00:00,76729.74,76894.24,exit_signal,34,0.002143888406242578,0.0011422453393699072,False
ReinforcedSmoothScalp,2026-09-04 04:46:00+00:00,2026-09-04 05:20:00+00:00,81058.83,81104.8,exit_signal,34,0.0005671189677916022,-0.0004329481176333916,False
ReinforcedSmoothScalp,2026-09-04 17:37:00+00:00,2026-09-04 19:03:00+00:00,79478.25,79715.99,exit_signal,86,0.002991258614778225,0.0019887686011703654,False
ReinforcedSmoothScalp,2026-09-05 08:06:00+00:00,2026-09-05 09:02:00+00:00,79642.01,79682.0,exit_signal,56,0.0005021219328844584,-0.0004978801879879091,False
ReinforcedSmoothScalp,2026-09-06 09:41:00+00:00,2026-09-06 10:02:00+00:00,79895.99,79904.24,exit_signal,21,0.00010325924993237479,-0.0008963442075887729,False
ReinforcedSmoothScalp,2026-09-06 19:46:00+00:00,2026-09-06 20:22:00+00:00,79806.8,79915.69,exit_signal,36,0.0013644200744797885,0.0003635560863994858,False
ReinforcedSmoothScalp,2026-09-09 05:42:00+00:00,2026-09-09 06:13:00+00:00,78921.99,79106.65,exit_signal,31,0.0023397788119634555,0.0013379399525810243,False
ReinforcedSmoothScalp,2026-09-09 09:22:00+00:00,2026-09-09 10:21:00+00:00,79479.81,79098.01,exit_signal,59,-0.004803735690862898,-0.0057984346057144975,False
ReinforcedSmoothScalp,2026-09-10 00:16:00+00:00,2026-09-10 01:04:00+00:00,78287.75,78280.78,exit_signal,48,-8.903053159659002e-05,-0.0010884417954329928,False
ReinforcedSmoothScalp,2026-09-10 03:18:00+00:00,2026-09-10 03:34:00+00:00,78361.69,78436.86,exit_signal,16,0.0009592697656213289,-4.118927462393174e-05,False
ReinforcedSmoothScalp,2026-09-12 07:41:00+00:00,2026-09-12 08:07:00+00:00,77284.0,77321.69,exit_signal,26,0.0004876817970085323,-0.000512305890944309,False
ReinforcedSmoothScalp,2026-09-12 10:52:00+00:00,2026-09-12 11:38:00+00:00,77350.07,77325.76,exit_signal,46,-0.0003142854298646691,-0.001313471551373846,False
ReinforcedSmoothScalp,2026-09-13 06:12:00+00:00,2026-09-13 11:37:00+00:00,77302.01,76744.01,exit_signal,325,-0.00721844102113256,-0.00821072643740317,False
ReinforcedSmoothScalp,2026-09-16 12:30:00+00:00,2026-09-16 17:58:00+00:00,75934.8,75636.84,exit_signal,328,-0.003923892602601287,-0.004919470920839442,False
ReinforcedSmoothScalp,2026-09-18 01:18:00+00:00,2026-09-18 01:43:00+00:00,76526.01,76704.01,exit_signal,25,0.0023260065433960975,0.0013241814493998305,False
ReinforcedSmoothScalp,2026-09-18 07:42:00+00:00,2026-09-18 08:03:00+00:00,77785.96,77955.73,exit_signal,21,0.002182527540959711,0.001180845854262369,False
ReinforcedSmoothScalp,2026-09-18 09:38:00+00:00,2026-09-18 10:29:00+00:00,78047.93,78268.78,exit_signal,51,0.002829671459576355,0.0018273429523703033,False
ReinforcedSmoothScalp,2026-09-20 18:06:00+00:00,2026-09-20 18:18:00+00:00,81070.0,81212.0,exit_signal,12,0.0017515727149377547,0.0007503217676965157,False
ReinforcedSmoothScalp,2026-09-21 19:49:00+00:00,2026-09-21 20:20:00+00:00,86510.81,86991.81,exit_signal,31,0.005559998802461719,0.004554941332394646,False
ReinforcedSmoothScalp,2026-09-22 10:33:00+00:00,2026-09-22 11:18:00+00:00,85791.43,86076.02,exit_signal,45,0.003317231103386664,0.002314415280195048,False
ReinforcedSmoothScalp,2026-09-24 05:23:00+00:00,2026-09-24 07:30:00+00:00,84171.95,84411.55,exit_signal,127,0.0028465539885913493,0.001844208607293396,False
ReinforcedSmoothScalp,2026-09-26 18:19:00+00:00,2026-09-26 19:02:00+00:00,84086.0,84042.91,exit_signal,43,-0.0005124515377114003,-0.0015114395921462798,False
ReinforcedSmoothScalp,2026-09-27 19:34:00+00:00,2026-09-27 20:12:00+00:00,84679.81,84799.99,exit_signal,38,0.001419228503228842,0.00041830973411016714,False
ReinforcedSmoothScalp,2026-09-28 16:43:00+00:00,2026-09-28 17:14:00+00:00,83715.23,84152.0,exit_signal,31,0.005217330227725636,0.0042126152549841756,False
ReinforcedSmoothScalp,2026-09-29 08:55:00+00:00,2026-09-29 09:33:00+00:00,83829.99,83946.88,exit_signal,38,0.0013943697237706054,0.0003934758010082362,False
